word_form	frequency	length
میں	4875	3
ہے	4763	2
کے	4030	2
آپ	2593	2
نہیں	2249	4
ایک	2246	3
نے	2053	2
کی	1902	2
کو	1862	2
سے	1588	2
اس	1569	2
ہیں	1517	3
لئے	1408	3
یہ	1389	2
کیا	1366	3
تم	1267	2
اور	1148	3
وہ	1105	2
کہ	1013	2
کر	1007	2
پر	960	2
ہو	936	2
مجھے	812	4
تھا	780	3
ہم	748	2
ہوں	725	3
کا	682	2
گا	650	2
بھی	599	3
کرنے	576	4
ساتھ	573	4
یہاں	537	4
رہا	508	3
تو	506	2
بہت	492	3
کچھ	480	3
طرح	443	3
گے	441	2
اب	437	2
ان	435	2
گیا	410	3
رہے	407	3
ٹھیک	406	4
لیکن	400	4
ہاں	387	3
اسے	381	3
جی	378	2
کوئی	367	4
سکتے	363	4
بات	361	3
بارے	357	4
سب	347	2
میرے	342	4
سکتا	340	4
کسی	328	3
صرف	322	3
لگتا	321	4
اپنے	319	4
کہا	287	3
انہوں	277	5
کرنا	273	4
باہر	269	4
طور	267	3
تھے	264	3
جانتے	264	5
کریں	254	4
جائے	250	4
کبھی	242	4
میری	234	4
اوہ	234	3
دیا	232	3
آدمی	230	4
مسٹر	230	4
چاہتے	227	5
حاصل	224	4
کرتے	222	4
ویسے	222	4
دو	221	2
جارج	216	4
جا	210	2
کیوں	209	4
تک	205	2
وقت	203	3
رک	198	2
رات	198	3
یا	194	2
شاید	189	4
شکریہ	185	5
کس	184	2
اگر	179	3
پتہ	179	3
ہی	177	2
وہاں	177	4
ہر	176	2
زیادہ	175	5
لے	174	2
جو	173	2
مطلب	164	4
بعد	163	3
جب	163	2
پہلے	162	4
پھر	161	3
چاہتا	154	5
طرف	152	3
جاؤ	147	3
مل	147	2
تمام	146	4
اچھا	146	4
گھر	145	3
تمہیں	143	5
وجہ	139	3
دیکھا	135	5
یقین	133	4
ہمارے	132	5
بار	130	3
نہ	129	2
میرا	128	4
چھوڑ	125	4
مدد	122	3
کوشش	122	4
آج	121	2
چلو	121	3
کہاں	121	4
ہیلو	120	4
مجھ	119	3
معلوم	118	5
کام	118	3
کروں	117	4
دیکھ	117	4
جگہ	113	3
جاتا	112	4
براہ	112	4
کاسا	111	4
بلانکا	111	6
لڑکے	109	4
کرو	108	3
ضرورت	108	5
چاہئے	107	5
کین	105	3
کرے	105	3
تھی	105	3
لیسزلو	105	6
معاف	104	4
دن	102	2
ہوا	101	3
نیچے	101	4
کرتا	100	4
منٹ	99	3
مہربانی	98	7
واپس	97	4
ارے	97	3
ایسا	97	4
سال	96	3
یاد	95	3
دور	95	3
انتظار	95	6
کون	94	3
جانے	94	4
دیں	94	3
خیال	93	4
تلاش	93	4
ہونے	90	4
خوش	90	3
آئے	90	3
یہی	90	3
ہمیں	89	4
محبت	89	4
مریم	88	4
مہاشی	88	5
مجرم	87	4
بند	87	3
سنا	87	3
قتل	87	3
اپنی	86	4
گئے	86	3
آیا	85	3
نظر	84	3
دے	83	2
لوگوں	83	5
پیرس	83	4
چیز	81	3
لیں	81	3
دیکھو	80	5
پولیس	80	5
اچھی	79	4
وکٹر	78	4
کم	77	2
سیم	77	3
ذریعے	75	5
جانتا	75	5
پڑے	75	3
بیلی	75	4
بالکل	74	5
بنا	74	3
کل	73	2
کافی	72	4
ختم	71	3
اہ	71	2
ابھی	71	4
قسم	71	3
بس	70	2
بچے	69	3
شروع	69	4
دنیا	67	4
امریکہ	66	6
کہہ	66	3
ہونا	66	4
ہمیشہ	65	5
لیا	65	3
زندگی	65	5
پسند	64	4
ہوتا	64	4
جناب	63	4
سوچا	63	4
ادا	63	3
بیوی	62	4
سن	62	2
اتنا	62	4
صحیح	61	4
سا	61	2
چلا	61	3
تین	60	3
صاحب	59	4
ہیری	59	4
ملا	58	3
عورت	58	4
والد	58	4
کہنا	58	4
جہاں	57	4
رینالٹ	57	6
حق	56	2
واقعی	56	5
قسمت	55	4
شخص	55	3
جانا	55	4
دوست	55	4
پاس	55	3
رہی	55	3
خطوط	55	4
مر	54	2
کاروبار	54	7
آتا	54	3
نام	54	3
تھوڑا	54	5
ہہ	54	2
سچ	54	2
شہر	53	3
ہوگا	53	4
کیونکہ	53	6
بیٹھ	52	4
گرد	52	3
فون	52	3
ووٹ	52	3
بتا	51	3
گی	51	2
دلچسپی	51	6
یوگریٹ	51	6
دوسرے	50	5
ماں	50	3
عزیز	50	4
ڈال	50	3
مسز	49	3
رہنے	49	4
ضروری	49	5
اہم	49	3
بچوں	49	4
آتے	48	3
انہیں	48	5
بہتر	48	4
والے	48	4
میجر	48	4
دیتا	47	4
ہماری	47	5
تیار	47	4
قابل	47	4
ارد	47	3
چھوٹا	47	5
خوبصورت	47	7
جائیں	46	5
دیر	46	3
والا	45	4
سمجھ	45	4
مار	45	3
آگے	45	3
قاتل	45	4
شادی	44	4
عظیم	44	4
لوگ	44	3
کورس	43	4
محسوس	43	5
پیسے	42	4
چارلی	42	5
نمبر	42	4
پاگل	42	4
جلدی	42	4
ہوئے	42	4
کپتان	42	5
چارلس	41	5
دونگا	41	5
آخری	41	4
سوچ	41	3
دیکھنے	40	6
لگا	40	3
دروازے	40	6
پوٹر	40	4
خود	39	3
جنگ	39	3
شرط	39	3
برنسٹین	39	7
پوری	39	4
ٹرانزٹ	39	6
دیکھیں	39	6
سر	39	2
کاسابلانکا	39	10
فرانکس	39	6
ہوائی	39	5
جس	38	2
رکھتے	38	5
عجیب	38	4
محفوظ	38	5
کہیں	38	4
کیپٹن	38	5
بنانے	37	5
لڑکی	37	4
حیرت	37	4
باس	37	3
رہو	37	3
تبدیل	36	5
پرانے	36	5
جہاز	36	4
رچرڈ	36	4
موقع	35	4
فروخت	35	5
توقع	35	4
امید	35	4
ٹرین	35	4
ہاتھ	35	4
کرسمس	35	5
بغیر	35	4
رکھنے	35	5
کیجئے	35	5
رکھیں	35	5
خاص	35	3
چاہیے	35	5
ممکن	35	4
کاغذات	34	6
مس	34	2
آنے	34	3
مت	34	2
رہنا	34	4
چلانے	34	5
بھول	34	4
کہانی	34	5
چل	34	2
آواز	34	4
آو	34	2
گلاب	33	4
بوڑھے	33	5
دونوں	33	5
لیے	33	3
دفتر	33	4
دوسری	33	5
استعمال	33	7
اندر	33	4
گھنٹے	33	5
کہتے	33	4
لینے	33	4
رکھ	33	3
چیزیں	33	5
قرض	33	3
لو	33	2
گڈ	33	2
خط	33	2
میز	33	3
فرانسیسی	33	8
ویزا	33	4
جرمنوں	33	6
فیراری	33	6
ریخ	33	3
کلی	32	3
کھو	32	3
صبح	32	3
چیزوں	32	5
تمہارا	32	6
تمہارے	32	6
غیر	32	3
گاڑی	32	4
ہوشیار	32	6
فرار	32	4
دی	31	2
ہفتے	31	4
انسان	31	5
آسان	31	4
معافی	31	5
پانچ	31	4
چپ	31	2
کیفے	31	4
اخبار	30	5
سی	30	2
کمرے	30	4
بینک	30	4
پوچھ	30	4
فرض	30	3
برا	30	3
طویل	30	4
غلط	30	3
دوستوں	30	6
دیکھتے	30	6
لزبن	30	4
جرمن	30	4
گزشتہ	29	5
گئی	29	3
دوبارہ	29	6
بتایا	29	5
لفظ	29	3
اعتراض	29	6
یقینی	29	5
فیصلہ	29	5
ڈالر	29	4
کیسے	29	4
حضرات	29	5
گرفتار	29	6
موجود	29	5
تقریبا	28	6
رکو	28	3
فوری	28	4
چلے	28	3
افسوس	28	5
صورت	28	4
اوپر	28	4
پوچھنا	28	6
بھاگ	28	4
چاقو	28	4
بڑی	27	3
بڑے	27	3
عمارت	27	5
اگلے	27	4
مشکل	27	4
الوداع	27	6
مقابلے	27	6
اپنا	27	4
غریب	27	4
چھوٹی	27	5
فکر	27	3
ری	27	2
لوئس	27	4
حراستی	27	6
کیمپ	27	4
زمین	26	4
لگ	26	2
انکوائرر	26	8
جلد	26	3
خوشی	26	4
نیویارک	26	7
مکمل	26	4
خلاف	26	4
چھوٹے	26	5
سکتی	26	4
معاملہ	26	6
بچہ	26	3
ملے	26	3
فرق	26	3
کھیل	26	4
آخر	26	3
بلی	26	3
سفر	25	3
دینے	25	4
اسی	25	3
سوسن	25	4
یورپ	25	4
جاری	25	4
پینے	25	4
رقم	25	3
منہ	25	3
پیدا	25	4
سوا	25	3
جاننا	25	5
پہلی	24	4
قیمت	24	4
پیسہ	24	4
چھ	24	2
بتاو	24	4
جیسے	24	4
کتنا	24	4
مارا	24	4
ویزے	24	4
فورمین	24	6
تعمیر	23	5
جواب	23	4
رکھا	23	4
نائٹ	23	4
چلتے	23	4
دیکھنا	23	6
گولی	23	4
رکھنا	23	5
اتنی	23	4
جذباتی	23	6
پیش	23	3
دل	23	2
سوال	23	4
پکڑ	23	3
حروف	23	4
متاثر	23	5
گرفتاری	23	7
تھیچر	22	5
چار	22	3
رہتے	22	4
بستر	22	4
بڑا	22	3
دماغ	22	4
مقامات	22	6
چاہوں	22	5
مشورہ	22	5
کپڑے	22	4
جوڑے	22	4
پھینک	22	5
غلطی	22	4
عمر	22	3
جام	22	3
کارل	22	4
کان	21	3
تھامسن	21	6
ثابت	21	4
تحت	21	3
اچھے	21	4
خیز	21	3
کال	21	3
اکیلے	21	5
حوصلہ	21	5
پورے	21	4
روکنے	21	5
ہوٹل	21	4
نقطہ	21	4
کوریئرز	21	7
فوسٹر	20	5
قسمتی	20	5
ہوتے	20	4
کھڑے	20	4
چھوڑنے	20	6
تمہاری	20	6
لڑکا	20	4
قریب	20	4
بڑھو	20	4
مصیبت	20	5
درست	20	4
انگیز	20	5
چیک	20	3
مضحکہ	20	5
چند	20	3
افزائی	20	6
درمیان	20	6
تجویز	20	5
نکلنے	20	5
دینا	20	4
لی	20	2
خدا	20	3
سودا	20	4
کلیرنس	20	6
کاغذ	19	4
پیچھے	19	5
فرانس	19	5
شوہر	19	4
احساس	19	5
جیت	19	3
ملاقات	19	6
ساتھی	19	5
بھر	19	3
علاوہ	19	5
نوٹس	19	4
مزید	19	4
ڈر	19	2
پانی	19	4
راستے	19	5
بیمار	19	5
لڑ	19	2
طریقہ	19	5
روک	19	3
رکھو	19	4
پوچھیں	19	6
دلچسپ	19	5
جھوٹ	19	4
سیکنڈ	19	5
سو	18	2
دیگر	18	4
امریکی	18	6
قدم	18	3
بتانے	18	5
باپ	18	3
عام	18	3
جاتے	18	4
اشارہ	18	5
روشنی	18	5
اجازت	18	5
سننے	18	4
شامل	18	4
منتقل	18	5
منزل	18	4
دوسروں	18	6
لمحے	18	4
خدمت	18	4
وکیل	18	4
آرام	18	4
تھرڈ	18	4
گسٹاپو	18	6
برجر	18	4
بھائی	18	5
گاور	18	4
مختلف	17	5
مالک	17	4
اصل	17	3
بے	17	2
کئی	17	3
نفرت	17	4
ریاست	17	5
گر	17	2
بھیڑ	17	4
اعتماد	17	6
رہ	17	2
زندہ	17	4
نکل	17	3
حقیقت	17	5
راست	17	4
خالی	17	4
بھیج	17	4
نقد	17	3
رہتا	17	4
کارٹر	17	5
ثبوت	17	4
پڑا	17	3
کھڑکی	17	5
بن	17	2
دبا	17	3
کیسا	17	4
سرکاری	17	6
ٹیکسی	17	5
پیار	17	4
تعریف	17	5
حقیقی	17	5
شبہ	17	3
مارکیٹ	17	6
شیمپین	17	6
نجی	16	3
منعقد	16	5
ذاتی	16	4
ملین	16	4
ہوئی	16	4
تنہا	16	4
موت	16	3
دستخط	16	5
عدالت	16	5
خوفناک	16	6
احمق	16	4
اسکول	16	5
مداخلت	16	6
ہںسنا	16	5
بھیجا	16	5
سوچنے	16	5
گرم	16	3
شوبراتر	16	7
قائل	16	4
پایا	16	4
انسپکٹر	16	7
پوچھو	16	5
پیشکش	16	5
طیارے	16	5
برٹ	16	3
مارٹینی	16	7
مارچ	15	4
بنایا	15	5
خواہش	15	5
خطرناک	15	6
طریقے	15	5
اکثر	15	4
نیو	15	3
بتانا	15	5
گردن	15	4
سوچنا	15	5
لایا	15	4
قبضہ	15	4
دنوں	15	4
سڑک	15	3
کہو	15	3
کب	15	2
گانا	15	4
مذاق	15	4
انکل	15	4
وضاحت	15	5
ظاہر	15	4
راستہ	15	5
پڑتا	15	4
لائن	15	4
شک	15	2
ساری	15	4
پار	15	3
ماسٹر	15	5
بلیو	15	4
توتے	15	4
عورتوں	15	6
رکی	15	3
ہیر	15	3
شمار	14	4
اپارٹمنٹ	14	8
اگرچہ	14	5
ذمہ	14	3
جان	14	3
بل	14	2
زیر	14	3
توڑ	14	3
راز	14	3
میڈم	14	4
مردوں	14	5
سامنے	14	5
ڈاکٹر	14	5
گانے	14	4
بھیجنے	14	6
ہیرے	14	4
پیانو	14	5
مسافر	14	5
واضح	14	4
وجوہات	14	6
فرش	14	3
حصہ	14	3
برلن	14	4
اپ	14	2
باری	14	4
قانون	14	5
بری	14	3
چکا	13	3
حال	13	3
نوجوان	13	6
الفاظ	13	5
صدر	13	3
الیگزینڈر	13	9
نصف	13	3
یقینا	13	5
تر	13	2
اجلاس	13	5
بلند	13	4
واجب	13	4
الادا	13	5
انتظام	13	6
دانت	13	4
غور	13	3
خرچ	13	3
سکا	13	3
بندی	13	4
یہیں	13	4
کرانکل	13	6
تاکہ	13	4
برباد	13	5
ضرور	13	4
میل	13	3
پریشان	13	6
معذرت	13	5
مناسب	13	5
سیاست	13	5
نوٹ	13	3
وہی	13	3
پرواہ	13	5
نشے	13	3
شراب	13	4
ایماندار	13	8
ٹا	13	2
ادائیگی	13	7
افراد	13	5
گواہی	13	5
بھرنے	13	5
آنا	13	3
پرانی	13	5
سوئچ	13	4
انگوٹی	13	6
رہیں	13	4
اڈے	13	3
پروں	13	4
بیڈفورڈ	13	7
جیوری	13	5
ہزار	12	4
امیر	12	4
بہترین	12	6
سنتے	12	4
مین	12	3
بلایا	12	5
بیٹا	12	4
مبارک	12	5
کمپنی	12	5
ذرا	12	3
چاہیئے	12	6
اتفاق	12	5
ہمم	12	3
جوان	12	4
آمدید	12	5
منصوبہ	12	6
بکبک	12	4
اعلان	12	5
مطابق	12	5
قبول	12	4
دروازہ	12	6
موسیقی	12	6
برداشت	12	6
بچانے	12	5
رکھتا	12	5
ال	12	2
فلم	12	3
الزام	12	5
کیس	12	3
لانے	12	4
ٹوپی	12	4
کھولنے	12	6
دوران	12	5
فٹ	12	2
تیز	12	3
دھکڑ	12	4
تھوڑی	12	5
بلیک	12	4
مشاہدہ	12	6
کامیاب	12	6
خرابی	12	5
خوشگوار	12	7
لنڈ	12	3
سنی	12	3
رہنما	12	5
الزامات	12	7
فرشتہ	12	5
جسم	12	3
چیت	11	3
حالات	11	5
آدمیوں	11	6
چلتا	11	4
ہمت	11	3
بول	11	3
حوالے	11	5
چارج	11	4
سامان	11	5
فراہم	11	5
کالج	11	4
بجائے	11	5
بوڑھا	11	5
سوچتے	11	5
مراد	11	4
پل	11	2
اختیار	11	6
یارک	11	4
وعدہ	11	4
ملتا	11	4
پالیسی	11	6
سنو	11	3
چہرے	11	4
ہنسی	11	4
بندوبست	11	7
پاپ	11	3
بیوکوف	11	6
کہتا	11	4
لا	11	2
ذہن	11	3
مثال	11	4
سانس	11	4
موسم	11	4
سیڑھیاں	11	7
سننا	11	4
آٹھ	11	3
خطرے	11	4
پیچھا	11	5
بچی	11	3
حیران	11	5
چوری	11	4
دوسرا	11	5
انگلیوں	11	7
تالا	11	4
جن	11	2
مند	11	3
تسلیم	11	5
ارادہ	11	5
جنگلی	11	5
جذبات	11	5
ٹام	11	3
چاچا	11	4
نو	11	2
حقائق	11	5
حکم	10	3
کار	10	3
بیان	10	4
ملک	10	3
اوپیرا	10	6
منسوخ	10	5
دار	10	3
ملی	10	3
لڑکوں	10	5
ام	10	2
باقی	10	4
خون	10	3
خفیہ	10	4
خریدنے	10	6
ماہ	10	3
دیتی	10	4
سوائے	10	5
عملی	10	4
تصویر	10	5
اضافی	10	5
توجہ	10	4
سوچتا	10	5
چاہو	10	4
معاملے	10	6
تعلق	10	4
رقص	10	3
درد	10	3
شریف	10	4
چوٹ	10	3
کتنی	10	4
سنگین	10	5
بلکہ	10	4
اطالوی	10	6
دستک	10	4
جانچ	10	4
ہینڈل	10	5
چیخ	10	3
تعاون	10	5
دعوی	10	4
مشتبہ	10	5
لات	10	3
لیتا	10	4
مارننگ	10	6
ہلاک	10	4
سماعت	10	5
دفاتر	10	5
خانے	10	4
اسٹیشن	10	6
بدقسمتی	10	7
کہنے	10	4
بچ	10	2
جاتی	10	4
موجودگی	10	7
پاؤں	10	4
مان	10	3
جیتنے	10	5
ریکارڈ	10	6
لوں	10	3
ناموں	10	5
رعایت	10	5
فالس	10	4
فلموں	10	5
تصاویر	9	6
آغاز	9	4
ریڈیو	9	5
شائع	9	4
عوامی	9	5
بیٹے	9	4
ہال	9	3
آزاد	9	4
پڑھیں	9	5
ہںس	9	3
مرنے	9	4
باتیں	9	5
اسٹاک	9	5
اندازہ	9	6
فیصلے	9	5
جم	9	2
مجبور	9	5
نیا	9	3
داری	9	4
ترتیب	9	5
سپین	9	4
تفصیلات	9	7
نئی	9	3
نئے	9	3
کھانے	9	5
بنائیں	9	6
خریدا	9	5
جبکہ	9	4
کھڑا	9	4
عمل	9	3
معمول	9	5
صاف	9	3
دیتے	9	4
سارا	9	4
خبر	9	3
پڑتال	9	5
نوکری	9	5
بوتل	9	4
کرنی	9	4
مدت	9	3
تلاشی	9	5
پرسکون	9	6
پیروی	9	5
آنکھوں	9	6
اثر	9	3
خوفزدہ	9	6
پناہ	9	4
والوں	9	5
پھنس	9	4
بھیک	9	4
متوجہ	9	5
تعداد	9	5
شام	9	3
ضمانت	9	5
اورین	9	5
قبل	9	3
مہاجرین	9	7
ویٹر	9	4
استقبال	9	7
تپپڑ	9	4
پیتا	9	4
ایمسٹرڈیم	9	9
آسمان	9	5
برانڈی	9	6
رولیٹی	9	6
پراگ	9	4
بائیں	9	5
تحریک	9	5
اخراجات	9	7
قانونی	9	6
وکی	9	3
مسائل	9	5
نگران	9	5
اداروں	9	6
مارٹی	9	5
بڑبڑانا	9	7
بلڈنگ	9	5
ڈالنے	9	5
ویلچ	9	4
نک	9	2
کھانسی	9	6
بیس	8	3
ترین	8	4
اخبارات	8	7
مقرر	8	4
پیٹ	8	3
حملہ	8	4
پڑھا	8	4
از	8	2
ایملی	8	5
گلوکار	8	6
شکاگو	8	5
بظاہر	8	5
مختصر	8	5
پوچھا	8	5
مردہ	8	4
حالت	8	4
معمولی	8	6
ملنے	8	4
گندی	8	4
بتائیں	8	6
کنٹرول	8	6
ٹوٹ	8	3
بورڈ	8	4
قریبی	8	5
ڈرامائی	8	7
ناممکن	8	6
سلورسٹون	8	8
پرنٹ	8	4
لکھا	8	4
لڑائی	8	5
رن	8	2
کھانا	8	5
بتاتا	8	5
جمع	8	3
علاج	8	4
انسانی	8	6
سگار	8	4
سگریٹ	8	5
نا	8	2
عادت	8	4
دوپہر	8	5
عوام	8	4
چھپا	8	4
تصور	8	4
پوپ	8	3
ڈرامہ	8	5
بننے	8	4
کہونگا	8	6
تاثر	8	4
آفس	8	3
تبدیلی	8	6
-چلو	8	4
اگلا	8	4
گاہکوں	8	6
آتی	8	3
ڈرائیو	8	6
پھول	8	4
کھلی	8	4
گھڑی	8	4
چھت	8	3
ہوگی	8	4
فخر	8	3
کشتی	8	4
معقول	8	5
گچھ	8	3
پیارے	8	5
کھول	8	4
کہانیوں	8	7
تاجر	8	4
دعا	8	3
بندوق	8	5
کمہار	8	5
خاندان	8	6
کرسی	8	4
کروگے	8	5
ناک	8	3
مقدمے	8	5
سونے	7	4
خطرہ	7	4
راہ	7	3
سخت	7	3
فورا	7	4
درج	7	3
اسپجتا	7	6
دہرانے	7	6
پیک	7	3
کارروائی	7	8
ملنا	7	4
چونکہ	7	5
پسندیدہ	7	7
محروم	7	5
مصروف	7	5
چال	7	3
بیڈروم	7	6
اسکینڈل	7	7
سرخی	7	4
مشکوک	7	5
رپورٹ	7	5
دستاویز	7	7
مارو	7	4
والی	7	4
سزا	7	3
لڑکیوں	7	6
انتظامیہ	7	8
ناقابل	7	6
سکے	7	3
لگاتا	7	5
زخم	7	3
ہنس	7	3
سججن	7	4
پڑھنے	7	5
صحرا	7	4
اتنے	7	4
بچا	7	3
کارکردگی	7	8
لگتے	7	4
رنگ	7	3
گیند	7	4
انگریزی	7	7
پکڑنے	7	5
بیٹھے	7	5
پائے	7	4
فائدہ	7	5
روانہ	7	5
ریلوے	7	5
کوٹ	7	3
اٹھائے	7	6
سرگرمیوں	7	8
فی	7	2
مانگتی	7	6
ٹیلی	7	4
شناخت	7	5
صحت	7	3
شدہ	7	3
سنیں	7	4
ایسی	7	4
خاطر	7	4
چاہتی	7	5
ہوتی	7	4
مطالبہ	7	6
توڑنے	7	5
وارنٹ	7	5
روم	7	3
افریقہ	7	6
دکھی	7	4
جوئے	7	4
حقیر	7	4
افواہ	7	5
رومانٹک	7	7
تفریح	7	5
مظاہرے	7	6
وفادار	7	6
چاہے	7	4
پہنے	7	4
خیالات	7	6
بھولنا	7	6
ہزاروں	7	6
روزہ	7	4
بوربان	7	6
پرواز	7	5
لک	7	2
شبھ	7	3
علیکم	7	5
کپ	7	2
کمزور	7	5
متبادل	7	6
پنکھ	7	4
بحث	7	3
بھلا	7	4
وایلیٹ	7	6
ممتحن	7	5
کردار	7	5
ینی	7	3
پیٹر	7	4
سات	7	3
درخت	7	4
واک	7	3
یس	7	2
نشان	6	4
اعداد	6	5
سلطنت	6	5
کانگریس	6	7
رائے	6	4
شکار	6	4
حمایت	6	5
نورٹن	6	5
ٹاؤن	6	4
لاگت	6	4
سیاسی	6	5
امکانات	6	7
اختتام	6	6
-آپ	6	3
ذکر	6	3
مئی	6	3
ھیںچو	6	5
معاملات	6	7
واحد	6	4
چللا	6	4
پہنچ	6	4
ایل	6	3
آزادی	6	5
کچی	6	3
جرم	6	3
کئے	6	3
مہم	6	3
نکال	6	4
تشکیل	6	5
احترام	6	6
پریس	6	4
چیئرمین	6	7
شریمان	6	6
شہ	6	2
حقوق	6	4
بہنوں	6	5
پارٹی	6	5
کھلا	6	4
ہنسنا	6	5
پکڑا	6	4
مقصد	6	4
تاہم	6	4
-وہ	6	3
نتائج	6	5
مقابلہ	6	6
سبق	6	3
لکھ	6	3
روشن	6	4
وسیع	6	4
ٹکڑا	6	4
شکل	6	3
لندن	6	4
-مندرجہ	6	7
سیکرٹری	6	7
حل	6	2
نیند	6	4
سرخ	6	3
بناتا	6	5
شعبے	6	4
دکھائیں	6	7
ممکنہ	6	5
موڑ	6	3
معلومات	6	7
گھروں	6	5
گلی	6	3
اصلی	6	4
ڈالو	6	4
جیل	6	3
مقدمہ	6	5
چلاتے	6	5
ماضی	6	4
چھٹکارا	6	7
مراکش	6	5
رسوخ	6	4
ٹھہرو	6	5
گدھ	6	3
گدقوں	6	5
لگی	6	3
ماہی	6	4
گیری	6	4
معروف	6	5
باورچی	6	6
نندک	6	4
شیطانوں	6	7
پرجیوی	6	6
کٹ	6	2
رشوت	6	4
خواب	6	4
رہونگا	6	6
اشتراک	6	6
پانیوں	6	6
سلسلے	6	5
آدھی	6	4
نازیوں	6	6
واقف	6	4
ایتھوپیا	6	8
بندوقیں	6	7
کیش	6	3
عمدہ	6	4
محبوب	6	5
جانبدار	6	7
بھوری	6	5
دشمن	6	4
سلون	6	4
ملیں	6	4
وزیٹر	6	5
ایمائل	6	6
سرزمین	6	6
کاک	6	3
آن	6	2
زنگ	6	3
آلود	6	4
باد	6	3
انتہائی	6	7
پہن	6	3
چومو	6	4
بارش	6	4
اوسلو	6	5
علم	6	3
خطا	6	3
اعزاز	6	5
اٹھ	6	3
دشمنوں	6	6
شپمنٹ	6	5
سادہ	6	4
ٹکٹ	6	3
مفت	6	3
بلغاریہ	6	7
گلے	6	3
جنوری	6	5
مقبوضہ	6	6
انداز	6	5
سمجھو	6	5
پوائنٹ	6	6
دوستی	6	5
فیصد	6	4
مطلع	6	4
ٹاور	6	4
دھند	6	4
جوزف	6	4
سردی	6	4
-بڑبڑانا	6	8
چاند	6	4
بھینس	6	5
روتھ	6	4
چلنا	6	4
سمجھتے	6	6
برف	6	3
پلا	6	3
چھری	6	4
ووٹنگ	6	5
فہرست	5	5
پتھر	5	4
مجموعہ	5	6
پس	5	2
مکان	5	4
بہہ	5	3
آف	5	2
انچارج	5	6
سوالات	5	6
انکار	5	5
مسلسل	5	5
مسئلہ	5	5
مرتبہ	5	5
طلاق	5	4
ہفتوں	5	5
ہاؤس	5	4
اچانک	5	5
جرمنی	5	5
رہنماؤں	5	7
دورہ	5	4
زاویہ	5	5
-میں	5	4
رابطے	5	5
کلب	5	3
سوچو	5	4
جنرل	5	4
تیچر	5	4
بھولنے	5	6
جائیداد	5	7
اہتمام	5	6
مشرق	5	4
اے	5	2
اضافہ	5	5
احاطہ	5	5
سفید	5	4
آبادی	5	5
دلیل	5	4
سنبھال	5	6
روکو	5	4
پبلک	5	4
بھال	5	4
کھونے	5	5
طریقوں	5	6
منتخب	5	5
استحقاق	5	7
اٹھایا	5	6
امکان	5	5
نکالا	5	5
منسلک	5	5
خاندانوں	5	8
بیٹھنے	5	6
کھا	5	3
لاپتہ	5	5
غائب	5	4
خصوصی	5	5
شہری	5	4
تھکے	5	4
کینڈی	5	5
مجسموں	5	6
تالیاں	5	6
بجانے	5	5
ہا	5	2
شہرت	5	4
مشروبات	5	7
بالوں	5	5
ایسے	5	4
معاشرے	5	6
سینڈ	5	4
شوقین	5	5
پرانا	5	5
جونیئر	5	6
لگے	5	3
گائیکی	5	6
پارلر	5	5
حفاظت	5	5
استغاثہ	5	7
چاہیں	5	5
پیر	5	3
لکھنے	5	5
جرائم	5	5
شرائط	5	5
قدرتی	5	5
اداکاری	5	7
مایوس	5	5
بولنے	5	5
اعلی	5	4
حد	5	2
الجھن	5	5
بیگ	5	3
سروس	5	4
گلاس	5	4
ردی	5	3
جادو	5	4
چھوٹ	5	4
یلسی	5	4
آگاہ	5	4
بڑھ	5	3
سوائن	5	5
کمینے	5	5
کمشنر	5	5
گزر	5	3
بہر	5	3
اعصاب	5	5
کرتی	5	4
سستا	5	4
کونے	5	4
چادر	5	4
باوجود	5	6
پریشانی	5	7
چھاپوں	5	6
ادارے	5	5
تقسیم	5	5
ساکھ	5	4
فنڈز	5	4
ٹیم	5	3
رحم	5	3
اشتعال	5	6
یمل	5	3
پنسل	5	4
پال	5	3
ہینرچ	5	5
چلنے	5	4
ونڈو	5	4
کھولو	5	5
فرانز	5	5
آگ	5	2
چھو	5	3
کود	5	3
چکی	5	3
داؤ	5	3
درخواست	5	7
ایمان	5	5
زندگیوں	5	7
تباہ	5	4
قید	5	3
رواج	5	4
پروفیسر	5	7
وقفے	5	4
فتح	5	3
خاموش	5	5
فاڑ	5	3
کھیلنے	5	6
جھوٹا	5	5
ڈرنک	5	4
صد	5	2
حقدار	5	5
سنبھالا	5	7
کن	5	2
تیسرا	5	5
رومانوی	5	7
پہنچنے	5	6
مانگ	5	4
بتاتے	5	5
پکڑے	5	4
لیتے	5	4
تب	5	2
آدھے	5	4
تیزی	5	4
نمائش	5	5
پریوں	5	5
نامی	5	4
شاندار	5	6
جورجی	5	5
کیپسول	5	6
طوفان	5	5
سام	5	3
بال	5	3
کہانیاں	5	7
ایڈ	5	3
پارک	5	4
ہاتھوں	5	6
آہ	5	2
پوائنٹس	5	7
بالٹیمور	5	8
سینے	5	4
وار	5	3
شور	5	3
مثبت	5	4
رفتار	5	5
گھبراہٹ	5	7
راوی	4	4
ریگستان	4	7
کامیابی	4	7
ٹن	4	2
محل	4	3
مویشی	4	5
سمندر	4	5
میدان	4	5
قیمتی	4	5
روزانہ	4	6
کولوراڈو	4	8
سٹریٹ	4	5
چیف	4	3
کمیٹی	4	5
ملکیت	4	5
فاشسٹ	4	5
مذاکرات	4	7
زور	4	3
انتخابات	4	8
جسے	4	3
جرسی	4	4
مضبوط	4	5
گورنر	4	5
طاقت	4	4
نکلو	4	4
لائبریری	4	8
حصے	4	3
محتاط	4	5
تعلیم	4	5
قبضے	4	4
ملاتے	4	5
حصول	4	4
کراس	4	4
شے	4	2
فرد	4	3
عائد	4	4
بھیجیں	4	6
ہمدردی	4	6
بنیاد	4	5
مفادات	4	6
مرضی	4	4
شرح	4	3
متعلق	4	5
بینکر	4	5
لطف	4	3
روز	4	3
پہلا	4	4
کمرہ	4	4
کیجیے	4	5
جاسوس	4	5
پوچھتا	4	6
باکس	4	4
کارڈ	4	4
کسے	4	3
سنہرے	4	5
سیکھا	4	5
سامنا	4	5
منافق	4	5
محترمہ	4	6
یملی	4	4
لڑنے	4	4
ترجیح	4	5
معنی	4	4
گندگی	4	5
کھائی	4	5
لبرل	4	4
حکومت	4	5
مہذب	4	4
ایکٹ	4	4
خطاب	4	4
گھنٹی	4	5
قیدی	4	4
گاو	4	3
چرچ	4	3
زحمت	4	4
موجودہ	4	6
تحفہ	4	4
دائیں	4	5
قدر	4	3
انتباہ	4	6
جائزہ	4	5
دکھاتا	4	6
نرس	4	3
لازمی	4	5
اساتذہ	4	6
خراب	4	4
سمجھنے	4	6
بھاری	4	5
کشیدگی	4	6
نقصان	4	5
پہیلی	4	5
درجن	4	4
نیلے	4	4
میگزین	4	6
ڈالیں	4	5
سیاہ	4	4
جھوٹے	4	5
رہتی	4	4
راکشس	4	5
تیسری	4	5
پن	4	2
اکاؤنٹس	4	7
سراگ	4	4
موٹی	4	4
منظم	4	4
قائم	4	4
کتوں	4	4
احکامات	4	7
لہذا	4	4
قصور	4	4
دھکا	4	4
ولی	4	3
برخاستگی	4	8
تقاضا	4	5
اہلکاروں	4	8
لومڑی	4	5
تنظیم	4	5
رکاوٹ	4	5
الحال	4	5
چھپے	4	4
قیادت	4	5
تجربے	4	5
محض	4	3
ٹھکانے	4	6
حکام	4	4
بھکاریوں	4	8
کریڈٹ	4	5
پرچی	4	4
پگڈنڈی	4	6
آنکھیں	4	6
اٹاری	4	5
چوکیدار	4	7
پکڑو	4	4
رسی	4	3
ڈرتا	4	4
آلات	4	4
پہچانا	4	6
جج	4	2
دھوکہ	4	5
سست	4	3
خاموشی	4	6
باخبر	4	5
ارتکاب	4	6
متعلقہ	4	6
معینہ	4	5
چللاو	4	5
چکر	4	3
کنارے	4	5
افسران	4	6
ساتھیوں	4	7
حوالہ	4	5
کلرک	4	4
راتوں	4	5
لوٹنے	4	5
سینیٹر	4	6
پہنچے	4	5
لڑی	4	3
کیویار	4	6
سفارش	4	5
شرابی	4	5
احتیاط	4	6
خالصتا	4	6
فسل	4	3
تھیں	4	4
سنتا	4	4
سربراہ	4	6
بخیر	4	4
کھےلا	4	5
مستقبل	4	6
نکلتے	4	5
چلی	4	3
دسمبر	4	5
شہروں	4	5
ہنری	4	4
باغ	4	3
اٹھا	4	4
فاصلے	4	5
پئیں	4	4
چوتھائی	4	7
شہد	4	3
ضائع	4	4
واقع	4	4
پیغام	4	5
اجارہ	4	5
سمجھتا	4	6
کمی	4	3
موضوع	4	5
اڑانے	4	5
منانے	4	5
دس	4	2
دھن	4	3
جوا	4	3
ریٹائر	4	6
تنخواہ	4	6
پرورش	4	5
بدلہ	4	4
یہسان	4	5
مال	4	3
معاہدے	4	6
ٹھہرے	4	5
کتاب	4	4
ناریل	4	5
زہر	4	3
اتر	4	3
پول	4	3
ماما	4	4
ہیچ	4	3
بٹن	4	3
انشورنس	4	7
ٹوٹا	4	4
دکھایا	4	6
یار	4	3
پلاسٹک	4	6
پاٹر	4	4
کرایہ	4	5
خرید	4	4
رونے	4	4
جیب	4	3
ڈالا	4	4
استاد	4	5
بیل	4	3
سوراخ	4	5
ملزم	4	4
بیلٹ	4	4
پرستار	4	6
انچ	4	3
ایجنسی	4	6
پٹریوں	4	6
کھڑکیوں	4	7
نشاندہی	4	7
چھرا	4	4
نشستیں	4	6
اتیجنیی	4	7
چللایا	4	6
آہستہ	4	5
فلوریڈا	3	7
کوسٹ	3	4
پہاڑ	3	4
درختوں	3	6
لوٹ	3	3
قبر	3	3
گروہوں	3	6
دولت	3	4
ترک	3	3
تفتیش	3	5
گرینڈ	3	5
فرم	3	3
سماجی	3	5
اشراوی	3	6
موقف	3	4
بھتیجی	3	6
حادثے	3	5
انتقال	3	6
پیمانے	3	6
ووٹروں	3	6
انعام	3	5
شکست	3	4
اصلاحات	3	7
کاروباری	3	8
صحافی	3	5
اٹلی	3	4
چلانا	3	5
پڑھ	3	3
دوڑ	3	3
سٹی	3	3
تناظر	3	5
بحر	3	3
اوقیانوس	3	8
بیکار	3	5
سالگرہ	3	6
واشنگٹن	3	7
تکلیف	3	5
چھٹی	3	4
محترم	3	5
تیل	3	3
اسٹیٹ	3	5
ٹریکشن	3	6
ٹرسٹ	3	4
روتا	3	4
بستیوں	3	6
لڑکیاں	3	6
حصص	3	3
منی	3	3
تیرے	3	4
ایمانداری	3	9
اخباروں	3	7
زائد	3	4
ھیںچ	3	4
مالیت	3	5
مشترکہ	3	6
ایڈیٹر	3	6
منصوبوں	3	7
خبریں	3	5
کارٹون	3	6
فرنٹ	3	4
پیج	3	3
پڑوسیوں	3	7
تقریب	3	5
تھکا	3	4
لینا	3	4
گردش	3	4
دکان	3	4
نوشی	3	4
مزہ	3	3
ملازمین	3	7
منرو	3	4
آنکھ	3	4
لعنت	3	4
پتلی	3	4
بدل	3	3
بدتر	3	4
وسط	3	3
ہائی	3	4
دورے	3	4
سوچیں	3	5
مٹی	3	3
دوا	3	3
پیشہ	3	4
جادوگر	3	6
جاہل	3	4
اتوار	3	5
کتنے	3	4
زبان	3	4
سیدھا	3	5
تقریر	3	5
بلا	3	3
نگاروں	3	6
گایا	3	4
لاتی	3	4
سوجن	3	4
قدیم	3	4
بتائے	3	5
آہیں	3	4
پکنک	3	4
مم	3	2
مقدار	3	5
دفن	3	3
روپے	3	4
دریافت	3	6
منظور	3	5
ورژن	3	4
بہن	3	3
تحقیقات	3	7
تصدیق	3	5
-یہ	3	3
چینی	3	4
مجرمانہ	3	7
پہنچاو	3	6
شاٹ	3	3
بالا	3	4
تحلیل	3	5
آلسی	3	4
اسکواڈ	3	6
امن	3	3
فطرت	3	4
الرٹ	3	4
قطرے	3	4
نشانات	3	6
ٹریس	3	4
نامعلوم	3	7
پندرہ	3	5
گواہ	3	4
کنگھی	3	5
چپکے	3	4
جہنم	3	4
سڑکوں	3	5
پیٹھ	3	4
چھپنے	3	5
اقدامات	3	7
لکیر	3	4
پیچیدہ	3	6
نوعیت	3	5
تعین	3	4
مگر	3	3
لکڑی	3	4
دلی	3	3
خواتین	3	6
ٹیکس	3	4
برانڈ	3	5
سمندری	3	6
بیک	3	3
گراؤنڈ	3	6
فلور	3	4
بچت	3	3
کوئلے	3	5
پیٹنے	3	5
کتا	3	3
گروپ	3	4
انعقاد	3	6
معصوم	3	5
بلاک	3	4
کمینوں	3	6
دفاع	3	4
پاگلپن	3	6
شدت	3	3
پوتاروہن	3	8
گزین	3	4
پلے	3	3
پڑھے	3	4
بحیرہ	3	5
آٹو	3	3
ورلڈ	3	4
دستاویزات	3	9
کرداروں	3	7
گزینوں	3	6
بھرا	3	4
پگلی	3	4
پرس	3	3
فرمائے	3	6
لیفٹیننٹ	3	8
کمان	3	4
آب	3	2
روس	3	3
صحارا	3	5
ڈالنی	3	5
حراست	3	5
جاؤں	3	4
منشیات	3	6
ٹرکوں	3	5
سینٹیاگو	3	8
مدینہ	3	5
عبدالرحیم	3	9
بینکاری	3	7
پیسٹری	3	6
شیف	3	3
پائی	3	4
ہونولولو	3	8
سیلون	3	5
اطلاع	3	5
سڑنے	3	4
تا	3	2
ڈیگال	3	5
ڈرو	3	3
متن	3	3
پہیا	3	4
خریدیں	3	6
انسانوں	3	7
اجناس	3	5
الگ	3	3
تھلگ	3	4
دوگنا	3	5
دھکیل	3	5
اسراف	3	5
دینی	3	4
مندی	3	4
ڈیموکریٹ	3	8
کلپر	3	4
کررہا	3	5
جاں	3	3
بحق	3	3
تینوں	3	5
کوشپال	3	6
غلطیاں	3	6
دانش	3	4
خارجہ	3	5
مچان	3	4
​​گا	3	4
​​کافی	3	6
مہمان	3	5
مظاہرہ	3	6
اگل	3	3
بیچا	3	4
بدعنوان	3	7
خاتون	3	5
شیل	3	3
اشیاء	3	5
مواقع	3	5
پرعزم	3	5
گارڈز	3	5
چپس	3	3
راضی	3	4
مزے	3	3
ہینز	3	4
قومیت	3	5
کوٹنیتجشتھ	3	10
حصوں	3	4
امریکن	3	6
مبہم	3	4
چھوڑا	3	5
نشر	3	3
تجسس	3	4
کھیلوں	3	6
ہاؤنڈ	3	5
تہھانے	3	6
شیٹس	3	4
جرات	3	4
قربانی	3	6
منفرد	3	5
نارویجن	3	7
دکھا	3	4
قیام	3	4
ممیز	3	4
مجموعی	3	6
خندہ	3	4
پیشانی	3	6
تابع	3	4
سامری	3	5
اعتکاف	3	6
تصویروں	3	7
وزن	3	3
کھلاڑی	3	6
زیورات	3	6
مہودیا	3	6
گانوں	3	5
گائیے	3	5
توڑا	3	4
رشک	3	3
بیلے	3	4
تفصیل	3	5
کرفیو	3	5
پٹرول	3	5
راشننگ	3	6
شب	3	2
جوڑوں	3	5
فرانک	3	5
دینار	3	5
لاؤ	3	3
بدھ	3	3
تازہ	3	4
جمعرات	3	6
لسٹ	3	3
غیرت	3	4
رول	3	3
ڈنک	3	3
تسمہ	3	4
تپ	3	2
دانتوں	3	6
انجنیئر	3	7
گویا	3	4
کیجیئے	3	6
آئی	3	3
پلیٹ	3	4
فارم	3	4
ہاسیکر	3	6
بہادر	3	5
نظریات	3	6
سجدہ	3	4
پختہ	3	4
چالاکی	3	6
سویا	3	4
بولنا	3	5
اشکال	3	5
برسلز	3	5
بلغراد	3	6
ایتھنز	3	6
رھنے	3	4
سینکڑوں	3	7
بلاغت	3	5
پہلو	3	4
جانبداری	3	8
ورزی	3	4
یکطرفہ	3	6
کشی	3	3
کوئ	3	3
مددگار	3	6
مرچنٹ	3	5
ٹرانزیکشن	3	9
لوٹنا	3	5
پارٹنر	3	6
چربی	3	4
گینٹ	3	4
خزانہ	3	5
کرم	3	3
بتاؤں	3	5
چھپ	3	3
آباد	3	4
بااثر	3	5
معزز	3	4
فرینک	3	5
معجزہ	3	5
کالعدم	3	6
معجزات	3	6
جلدبازی	3	7
للی	3	3
سایہ	3	4
جبلت	3	4
گاہک	3	4
احسان	3	5
کسٹمر	3	5
بمشکل	3	5
لائے	3	4
حامی	3	4
چنانچہ	3	6
محاذ	3	4
چاپلوسی	3	7
قطار	3	4
قابو	3	4
مروجہ	3	5
ونڈ	3	3
صوبے	3	4
غداروں	3	6
ئا	3	2
خوبصورتی	3	8
لیڈی	3	4
ثقہ	3	3
شیطان	3	5
مہنگے	3	5
اسباب	3	5
جغرافیہ	3	7
کونایک	3	6
روسی	3	4
رینک	3	4
رازدارانہ	3	9
شعبہ	3	4
لڑے	3	3
مہنگا	3	5
شوق	3	3
گو	3	2
مارسیلیز	3	8
کھیلیں	3	6
عذر	3	3
طرز	3	3
بہادرانہ	3	8
وارننگ	3	6
روپوش	3	5
شیڈول	3	5
وزٹرز	3	5
احساسات	3	7
پہنچائی	3	7
ڈرپوک	3	5
سمجھانے	3	7
چیکوسلواکیہ	3	11
مجنوں	3	5
مضافات	3	6
کرلیں	3	5
مرے	3	3
مصائب	3	5
بھلائی	3	6
برائی	3	5
جرمانہ	3	6
مؤثر	3	4
لند	3	3
موٹے	3	4
چک	3	2
شکرگزار	3	7
جھوبجھلاہٹ	3	10
قلم	3	3
مول	3	3
ہینڈ	3	4
شیک	3	3
منافع	3	5
عبد	3	3
کارٹن	3	5
باندھنے	3	7
فضیلت	3	5
وجے	3	3
وے	3	2
اتارنے	3	6
گہرائی	3	6
لامحدود	3	7
کہی	3	3
اصرار	3	5
نیک	3	3
پہاڑی	3	5
ایجاد	3	5
محب	3	3
وطن	3	3
برازاویلے	3	9
چوکی	3	4
یوسف	3	4
عقل	3	3
پورا	3	4
سینٹ	3	4
فرما	3	4
کک	3	2
روح	3	3
گولیاں	3	6
ڈوب	3	3
پیاری	3	5
پلیٹیں	3	6
سینٹس	3	5
گہری	3	4
بیٹھتا	3	6
بوسہ	3	4
چوغہ	3	4
سٹروک	3	5
پھانسی	3	6
دیئے	3	4
ناشتا	3	5
سمت	3	3
ننگے	3	4
منگل	3	4
سویابین	3	7
روچیسٹر	3	7
گھنٹہ	3	5
رانڈیل	3	6
اکاؤنٹ	3	6
یوسٹیس	3	6
گولر	3	4
کھیت	3	4
عمارتی	3	6
بانڈز	3	5
ڈرائیوز	3	7
میڈل	3	4
کتابوں	3	6
ٹومی	3	4
خودکش	3	5
خشک	3	3
کاٹ	3	3
جینا	3	4
بیت	3	3
ششش	3	3
کلیدی	3	5
باتھ	3	4
قہقہہ	3	5
منصفانہ	3	7
تھیٹر	3	5
گرمی	3	4
پڑوس	3	4
گواہوں	3	6
محلے	3	4
چھریاں	3	6
بی	3	2
گاڑیوں	3	6
مقررہ	3	5
گرجنے	3	5
دلوں	3	4
معلق	3	4
اناونسر	2	7
نیوز	2	4
افسانوی	2	7
خان	2	3
رضا	2	3
پینٹنگز	2	7
مجسمے	2	5
محلات	2	5
جانور	2	5
زد	2	2
شائستہ	2	6
جلال	2	4
تسلط	2	4
گروسری	2	6
عمارتوں	2	7
مشہور	2	5
نوکرانی	2	7
قیاس	2	4
والٹر	2	5
پی	2	2
وال	2	3
سلیج	2	4
ترقی	2	4
یونین	2	5
لاکھوں	2	6
اخباری	2	6
کاگج	2	4
مذمت	2	4
میونسپل	2	7
امیدوار	2	7
شرمناک	2	6
کساد	2	4
بازاری	2	6
سالوں	2	5
گیارہ	2	5
رپورٹر	2	6
انگلینڈ	2	7
سمجھدار	2	7
ناکام	2	5
ہدایت	2	5
قوم	2	3
مرگ	2	3
پڑھتے	2	5
گھوڑا	2	5
اٹلانٹک	2	7
رکھی	2	4
ھاںسی	2	5
ہائیبال	2	7
ڈبل	2	3
منیجر	2	5
میموریل	2	7
ڈائریکٹرز	2	9
دلاتے	2	5
پانڈلپی	2	7
بولتا	2	5
سرٹیفکیٹ	2	8
ہدایات	2	6
رہائش	2	5
گاہ	2	3
تنے	2	3
پائپ	2	4
روشنیوں	2	7
ایم	2	3
اوقات	2	5
اینڈ	2	4
پوزیشن	2	6
ہولڈنگز	2	7
ہاںفتے	2	6
قارئین	2	6
کاپی	2	4
کیوبا	2	5
نثر	2	3
نظمیں	2	5
درشیاولی	2	8
وہیلر	2	5
کالجوں	2	6
دلاتی	2	5
بدماش	2	5
کمیونٹی	2	7
پیمائش	2	6
ڈپریشن	2	6
ابتدائی	2	7
فیری	2	4
تجاوز	2	5
ہارورڈ	2	6
ناقد	2	4
چوبیس	2	5
بروک	2	4
لین	2	3
بھوک	2	4
شیٹ	2	3
کالم	2	4
شپ	2	2
باعث	2	4
مرکزی	2	5
بیج	2	3
اراجکتاوادی	2	11
سویرے	2	5
گنا	2	3
اعلامیہ	2	7
سچائی	2	5
انتھک	2	5
صفحے	2	4
مخصوص	2	5
ٹکڑے	2	4
آئین	2	4
دوش	2	3
ٹائی	2	4
نغمہ	2	4
گیت	2	3
پیکٹ	2	4
کرشن	2	4
تمباکو	2	6
خریدتا	2	6
آٹا	2	3
کیبل	2	4
گھوڑے	2	5
جانب	2	4
ہسپانوی	2	7
باتوں	2	5
بڑھاپے	2	6
سفاکانہ	2	7
کٹھ	2	3
ٹپ	2	2
آراء	2	4
ناخوشگوار	2	9
حلق	2	3
ملاح	2	4
گوشت	2	4
حریف	2	4
پریشر	2	5
نرسری	2	5
مالکن	2	5
ؤہ	2	2
کانوں	2	5
وینزویلا	2	8
جراف	2	4
چالوں	2	5
ور	2	2
مغرب	2	4
اسٹوریج	2	7
بائیس	2	5
بننا	2	4
داخل	2	4
ایمانی	2	6
ڈبلیو	2	5
وعدے	2	4
کوششوں	2	6
شہریوں	2	6
ڈسٹرکٹ	2	6
اٹارنی	2	6
اتساہی	2	6
کمال	2	4
بنانا	2	5
بجتی	2	4
سیاستدان	2	8
سوٹ	2	3
سستے	2	4
ٹیڑھی	2	5
سرخیوں	2	6
چور	2	3
وارڈن	2	5
مقدس	2	4
کاز	2	3
بھگوان	2	6
خدمات	2	5
اجر	2	3
لیبر	2	4
قوانین	2	6
کھیلا	2	5
برعکس	2	5
سٹار	2	4
ٹائپ	2	4
رائٹر	2	5
فائرنگ	2	6
جوئز	2	4
مطلق	2	4
سٹور	2	4
لپیٹ	2	4
ہار	2	3
پچ	2	2
پرتیبھا	2	7
سان	2	3
فرانسسکو	2	8
لکھتے	2	5
طبقے	2	4
مطمئن	2	5
کوری	2	4
احمقانہ	2	7
بلڈاگ	2	5
میزبان	2	6
مدعو	2	4
آرڈر	2	4
غسل	2	3
سچا	2	3
مورتی	2	5
لٹل	2	3
وفاقی	2	5
ابلیھاگار	2	9
ساس	2	3
پرنٹس	2	5
نیدرلینڈ	2	8
میوزیم	2	6
صوتی	2	4
بلیڈ	2	4
متاثرین	2	7
-کوئی	2	5
پرجوش	2	5
بڑھنے	2	5
با	2	2
گردی	2	4
دوستانہ	2	7
ناکامی	2	6
-کیوں	2	5
چوتھی	2	5
فالو	2	4
گمنام	2	5
خوف	2	3
برتری	2	5
غم	2	2
غصہ	2	3
-اور	2	4
نمٹنے	2	5
شدید	2	4
پوسٹکارڈ	2	8
فنگر	2	4
سارے	2	4
محنت	2	4
تشریح	2	5
بیرونی	2	6
تحریری	2	6
پہنتے	2	5
لیڈز	2	4
وقوعہ	2	5
دھرنا	2	5
جھاڑیوں	2	7
رداس	2	4
گزرتے	2	5
علاقے	2	5
بڑھانے	2	6
ناکامیوں	2	8
عینی	2	4
شاہد	2	4
اجنبی	2	5
سبز	2	3
ریڈ	2	3
جھاڑی	2	5
ہوں.کیڑوں	2	9
نگرانی	2	6
دت	2	2
سور	2	3
کرسیاں	2	6
دان	2	3
ویگن	2	4
قے	2	2
ناقص	2	4
گھمنڈی	2	6
ڑںوڑ	2	4
دھڑک	2	4
ڈرامے	2	5
ملتی	2	4
عین	2	3
جال	2	3
دیوار	2	5
مقدمات	2	6
دعوت	2	4
مخبروں	2	6
ضرر	2	3
ذہنی	2	4
قاتلوں	2	6
ابھارنے	2	7
ابلیس	2	5
ڈھیر	2	4
چمنی	2	4
جھاڑو	2	5
پا	2	2
مبالغہ	2	6
آرائی	2	5
تشویش	2	5
مشکلات	2	6
دہ	2	2
سینڈوچ	2	6
روٹی	2	4
آنگنوں	2	6
کورئیر	2	6
رب	2	2
بیٹھو	2	5
رکنیت	2	5
ٹیبل	2	4
پرل	2	3
سیٹی	2	4
بجا	2	3
بیلون	2	5
سیٹیاں	2	6
کندھے	2	5
دیکھتا	2	6
گھیر	2	4
تہہ	2	3
مقامی	2	5
مندرجہ	2	6
بتیوں	2	5
بوائلر	2	6
آریھ	2	4
الارم	2	5
وائرڈ	2	5
مسیح	2	4
نوزائیدہ	2	8
تعجب	2	4
گینگ	2	4
حلف	2	3
قرار	2	4
مطلوب	2	5
سطح	2	3
جایا	2	4
کتے	2	3
ماہر	2	4
دفاعی	2	5
چکے	2	3
روزگار	2	6
سواروں	2	6
ڈرائیونگ	2	8
ماؤں	2	4
لازما	2	5
سزائے	2	5
مہیا	2	4
جاننے	2	5
عیسی	2	4
علیہ	2	4
نازل	2	4
خرگوش	2	5
پہننے	2	5
بچائی	2	5
بادشاہ	2	6
کاؤنٹی	2	6
شہوت	2	4
جوتوں	2	5
تسمے	2	4
جیوگرافک	2	8
دباؤ	2	4
پابندی	2	6
اولاد	2	5
چلائیں	2	6
تیر	2	3
ہیا	2	3
ہاپ	2	3
کھاتے	2	5
گریجویشن	2	8
کھاتا	2	5
گدق	2	3
گینگوی	2	6
بور	2	3
پاتی	2	4
بلڈننگ	2	6
فارغ	2	4
کرال	2	4
کوچ	2	3
بچایا	2	5
اگلی	2	4
زدہ	2	3
سبب	2	3
ہٹو	2	3
اٹھارہ	2	6
شیشے	2	4
مانگا	2	5
سروں	2	4
مرکز	2	4
کیمبل	2	5
ایگزیکٹو	2	8
گہرے	2	4
دکھ	2	3
اظہار	2	5
آدرشوں	2	6
بشپ	2	3
ٹھکرا	2	5
قرضے	2	4
زندوں	2	5
تچرچھ	2	5
داخلے	2	5
ذیل	2	3
سکول	2	4
پکانے	2	5
بھتیجے	2	6
فیکٹری	2	6
تحقیق	2	5
ما	2	2
جوابات	2	6
اتار	2	4
گھاس	2	4
چڑھنے	2	5
سونگھ	2	5
پرتشدد	2	6
توسیع	2	5
مرچ	2	3
بولتے	2	5
نشستوں	2	6
اچار	2	4
چھوڑتا	2	6
ہولڈ	2	4
گھرانے	2	6
کاٹنے	2	5
کٹیا	2	4
کھولتا	2	6
بلوں	2	4
لہر	2	3
حضور	2	4
مچھلی	2	5
جگر	2	3
سہاگ	2	4
سیڑھی	2	5
کرائے	2	5
نشست	2	4
ملتے	2	4
جلتے	2	4
تیری	2	4
ذہین	2	4
ڈرتے	2	4
معاہدہ	2	6
سارس	2	4
شمولیت	2	6
طیاروں	2	6
اہلکار	2	6
ڈرائیور	2	7
بحریہ	2	5
آنر	2	3
دوری	2	4
جلن	2	3
گم	2	2
چھپانے	2	6
پڑ	2	2
ضیافت	2	5
سرد	2	3
درجہ	2	4
حرارت	2	5
نمونیا	2	6
چسپاں	2	5
سنبھالنے	2	8
تشدد	2	4
دوں	2	3
ریل	2	3
ایکوئٹی	2	7
جنت	2	3
نماز	2	4
پڑھنا	2	5
ہونٹ	2	4
جبڑے	2	4
کلاس	2	4
ادھر	2	4
ہمارا	2	5
اڑ	2	2
ٹکرا	2	4
گہرا	2	4
نٹ	2	2
رم	2	2
لونگ	2	4
دریا	2	4
فرشتوں	2	6
بڑھا	2	4
گزارے	2	5
پنکھڑیوں	2	8
بڈ	2	2
باگو	2	4
ٹرانسپورٹ	2	9
ہلنا	2	4
چمتکار	2	6
رحمت	2	4
سلام	2	4
سینگوں	2	6
نقش	2	3
ہنسنے	2	5
درجے	2	4
قصوروار	2	7
خارج	2	4
جگہوں	2	5
وکلاء	2	5
نظام	2	4
چلائے	2	5
بنگ	2	3
مجرموں	2	6
اٹھانے	2	6
ڈیڑھ	2	4
غصے	2	3
مصنوعات	2	7
منحصر	2	5
مدعا	2	4
اونچی	2	5
ہلاکت	2	5
شہادت	2	5
محرک	2	4
منظر	2	4
ٹوکری	2	5
پچھواڑے	2	7
دوکاندار	2	8
بجے	2	3
جنہوں	2	5
پوچھے	2	5
چھریوں	2	6
پسینہ	2	5
اسسٹنٹ	2	6
جانتی	2	5
بڑبڑاہٹ	2	7
سمجھتی	2	6
کہتی	2	4
مورھتاپورن	2	10
مرببا	2	5
جیسا	2	4
پاسنگ	2	5
بڑبڑا	2	5
جیکٹ	2	4
ٹانگ	2	4
پھیپھڑوں	2	8
لاش	2	3
اٹھو	2	4
گرنے	2	4
جلانے	2	5
گنجائش	2	6
شو	2	2
ستاروں	2	6
خصوصیت	2	6
بریت	2	4
تعصب	2	4
باوقار	1	6
گنبد	1	4
صادر	1	4
خلیج	1	4
کمیشنڈ	1	6
ماربل	1	5
اجزاء	1	5
تخمینی	1	6
عجائب	1	5
فول	1	3
مچھلیوں	1	7
جنگل	1	4
نوح	1	3
چڑیا	1	4
فرون	1	4
پتھروں	1	6
اہرام	1	5
یادگار	1	6
سپرد	1	4
خاک	1	3
صدی	1	3
قوی	1	3
خستہ	1	4
نیٹ	1	3
ورک	1	3
دکانوں	1	6
ملوں	1	4
فیکٹریوں	1	8
جنگلات	1	6
سلسلہ	1	5
تیسرے	1	5
لیجنڈ	1	5
سوار	1	4
ولیھ	1	4
ستاون	1	5
امانتوں	1	7
حملوں	1	5
ہدف	1	3
ٹرسٹی	1	5
مارتے	1	5
عقائد	1	5
جوہر	1	4
روایات	1	6
پہل	1	3
کمیونسٹ	1	7
اسکوائر	1	7
مہینے	1	5
اندراج	1	6
مخالفت	1	6
شرکت	1	4
امریکیوں	1	8
موٹر	1	4
سولہ	1	4
ٹرینٹن	1	6
-گانا	1	5
حاملہ	1	5
نامکمل	1	6
انتخابی	1	7
عطا	1	3
عناصر	1	5
وائٹ	1	4
بجلی	1	4
کیریئر	1	6
ہڈیوں	1	5
منصوبے	1	6
تہذیب	1	5
تاریخ	1	5
پیلے	1	4
سرگزشت	1	6
تنزل	1	4
پذیر	1	4
شہنشاہ	1	6
ویرت	1	4
ڈولنا	1	5
ستر	1	3
سکرین	1	5
فورڈ	1	4
ہیئرسٹ	1	6
گھوڑدوڑ	1	7
مینیجر	1	6
ڈائریکٹری	1	9
یحیی	1	4
لوگی	1	4
اکیلا	1	5
گینو	1	4
ڈائری	1	5
فلاڈیلفیا	1	9
کویاد	1	5
اپرکاشت	1	7
یادداشتوں	1	9
معائنہ	1	6
محدود	1	5
ابواب	1	5
صفحات	1	5
آرہے	1	4
مفلر	1	4
حرج	1	3
فریڈ	1	4
قبروں	1	5
ناخواندہ	1	8
حتمی	1	4
گارڈین	1	6
بکواس	1	5
سنبھالیں	1	8
لواحقین	1	7
پرنسپل	1	6
رقوم	1	4
ٹیوٹر	1	5
لائیو	1	5
لونلی	1	5
ہلا	1	3
نشانہ	1	5
گاہنا	1	5
پرتیک	1	5
چھٹا	1	4
اہمیت	1	5
حساب	1	4
ھدانوں	1	6
کنوئیں	1	6
شپنگ	1	4
رئیل	1	4
سازشوں	1	6
نقاب	1	4
آنسو	1	4
زمینداروں	1	9
تانبے	1	5
فراڈ	1	4
کردی	1	4
کاپر	1	4
ڈاکوؤں	1	6
آرماڈا	1	6
سابق	1	4
سرپرست	1	6
سرشار	1	5
لذت	1	3
ہولڈرز	1	6
پیپر	1	4
بائیکاٹ	1	7
شراکت	1	5
پبلیشر	1	6
قزاقوں	1	6
رہسی	1	4
مالی	1	4
رفاہی	1	5
انٹرپرائز	1	9
دانشمندی	1	8
پبلشنگ	1	6
خصوصیات	1	7
دعوے	1	4
مذہب	1	4
کہلانے	1	6
الاؤنس	1	6
برقرار	1	6
عارضی	1	5
سرمایہ	1	6
کاری	1	4
چاندی	1	5
چمچ	1	3
دبادی	1	5
نایاب	1	5
چھتر	1	4
سوسی	1	4
جریدے	1	5
ییل	1	3
پرنسٹن	1	6
کارنیل	1	6
سوئٹزرلینڈ	1	10
سنبھالی	1	7
ہربرٹ	1	5
نقاد	1	4
اسٹینڈنگ	1	8
ناشر	1	4
فرائض	1	5
سٹین	1	4
یعنی	1	4
کارٹونسٹ	1	8
بھوکا	1	5
خبروں	1	5
گرہنتیوں	1	8
گپ	1	2
بھیجنا	1	6
روج	1	3
اسرار	1	5
گیس	1	3
اصول	1	4
مسکرانا	1	7
جملوں	1	5
چیمپئن	1	6
اداریے	1	6
ریمیک	1	5
اعلامیے	1	7
بیچنے	1	5
حج	1	2
عملے	1	4
ای	1	2
اسبیتا	1	6
بخش	1	3
بیرون	1	5
وعدوں	1	5
بینڈ	1	4
درپیش	1	5
مونگ	1	4
پھلی	1	4
غریبوں	1	6
ویسا	1	4
چومنے	1	5
وقف	1	3
پالیسیوں	1	8
ہرگز	1	4
برواں	1	5
شرٹ	1	3
چاہا	1	4
مونچھیں	1	7
بہ	1	2
نسبت	1	4
سوشل	1	4
تھامس	1	5
بیٹی	1	4
مصروفیت	1	7
نکلے	1	4
-امریکی	1	7
پانامہ	1	6
نہر	1	3
ہنٹنگٹن	1	7
ہسپتال	1	6
بیماری	1	6
میموری	1	6
نسل	1	3
پہنچایا	1	7
سؤر	1	3
برتاؤ	1	5
طبیب	1	4
مشروط	1	5
عظمت	1	4
ادار	1	4
اعتقادات	1	8
مکرم	1	4
ناستے	1	5
جماعتوں	1	7
بندوں	1	5
سوچتی	1	5
سونا	1	4
کرکے	1	4
تقرریوں	1	7
ٹال	1	3
نمائندے	1	7
سکینڈل	1	6
ظلم	1	3
ووٹرز	1	5
رکن	1	3
سیکشن	1	5
کھروں	1	5
کراہنا	1	6
مسکراہٹ	1	7
سیکھتے	1	6
ٹھوس	1	4
سکھایا	1	6
ہاتھی	1	5
مرغا	1	4
ویسٹرن	1	6
ہیٹن	1	4
گودام	1	5
جوانی	1	5
اگست	1	4
پک	1	2
ہای	1	3
ملکی	1	4
شر	1	2
مشین	1	4
سادا	1	4
ھلنایکی	1	7
تنکے	1	4
سروے	1	4
سلم	1	3
اقتدار	1	6
ہٹا	1	3
ووٹوں	1	5
نمودار	1	6
فوٹوگرافر	1	9
اولیور	1	6
فادر	1	4
اسٹریٹ	1	6
روانی	1	5
متعارف	1	6
کرانے	1	5
​​الیگزینڈر	1	11
دھمکی	1	5
گھسیٹا	1	6
اکیلی	1	5
چاٹ	1	3
اکثریت	1	6
ممالک	1	5
چارہ	1	4
انتخاب	1	6
بندروں	1	6
جزیرہ	1	5
پروردگار	1	8
سیل	1	3
تنقید	1	5
جھیل	1	4
لابسٹر	1	6
اصطلاحات	1	8
میٹروپولیٹن	1	11
بنائے	1	5
مرد	1	3
سرے	1	3
جائزے	1	5
اسپریڈز	1	7
صفحہ	1	4
اول	1	3
مایوسانہ	1	8
نااہل	1	5
کھولا	1	5
تلفظ	1	4
محکمے	1	5
نمائندگی	1	8
فکسنگ	1	5
ثانی	1	4
دکھانا	1	6
گھوںسلی	1	7
جنوب	1	4
ڈوراڈو	1	6
میلا	1	4
العنان	1	6
بادشاہت	1	7
نرسوں	1	5
ٹوتھ	1	4
پیسٹ	1	4
الیکشن	1	6
بھولو	1	5
نروس	1	4
لاو	1	3
ماسک	1	4
ڈایافرام	1	8
دہرا	1	4
گاتی	1	4
تربیت	1	5
اتھارٹی	1	7
آرکسٹرا	1	7
بجانا	1	5
بجاتے	1	5
اسکولوں	1	7
اصولوں	1	6
چھوڑتے	1	6
شامک	1	4
ویگنر	1	5
تیاری	1	5
سکی	1	3
سامعین	1	6
نعرہ	1	4
شوز	1	3
پیپلز	1	5
کلبوں	1	5
ریستورانوں	1	10
ڈمپ	1	3
ایکڑ	1	4
لونسم	1	5
ویسٹ	1	4
ونگ	1	3
خیموں	1	5
سوتے	1	4
خیمے	1	4
شعلے	1	4
کیڑے	1	4
آنسوؤں	1	6
پوخر	1	4
تیرتا	1	5
خیمہ	1	4
لہجے	1	4
بولیں	1	5
کڑا	1	3
پیکنگ	1	5
آرنلڈ	1	5
مہمانوں	1	7
ذریعہ	1	5
ریمنڈ	1	5
بٹلر	1	4
لاشیں	1	5
پتائی	1	5
گرا	1	3
سگنل	1	4
جنکشن	1	5
وینس	1	4
ڈیم	1	3
بینکوں	1	6
سیلم	1	4
ویلیو	1	5
چولہا	1	5
آرٹ	1	3
باقاعدہ	1	7
بانگ	1	4
برمی	1	4
مندر	1	4
چھتوں	1	5
اسکاچ	1	5
کھلونے	1	6
جیری	1	4
کھیلنا	1	6
جنک	1	3
فرٹز	1	4
لینگ	1	4
سنسر	1	4
اپریل	1	5
پریمیئر	1	7
موصول	1	5
قصر	1	3
عنوان	1	5
منفی	1	4
مناظر	1	5
بھرے	1	4
بحال	1	4
فاؤنڈیشن	1	8
فنڈنگ	1	5
​​کے	1	4
لیبوریٹری	1	9
بولوگنا	1	7
بحالی	1	5
میونخ	1	5
مارٹن	1	5
سروسز	1	5
کیما	1	4
کرٹ	1	3
کلارا	1	5
جون	1	3
بھائیوں	1	7
خزاں	1	4
سنسنی	1	5
باب	1	3
چڑھ	1	3
دہشت	1	4
فریضہ	1	5
آڑ	1	2
کھلونا	1	6
سیب	1	3
عذاب	1	4
آمادہ	1	5
سیڑھیوں	1	7
لگانے	1	5
وقار	1	4
ذلت	1	3
چیٹنگ	1	5
-پہلا	1	5
بلاو	1	4
عامہ	1	4
دارانہ	1	6
لیب	1	3
کسر	1	3
ابلیھاگاروں	1	11
موازنہ	1	6
مذکورہ	1	6
سائز	1	4
سمجھے	1	5
جنسی	1	4
سختی	1	4
جنسیت	1	5
فل	1	2
سٹاپ	1	4
جزوی	1	4
ناہموار	1	7
سٹائل	1	5
سستی	1	4
مایاوی	1	6
صریح	1	4
نشانیاں	1	7
فسادات	1	6
مسترد	1	5
ڈیوٹی	1	5
میہنتی	1	6
بہار	1	4
باڑ	1	3
ریپنگ	1	5
مٹھائی	1	6
پھل	1	3
پاوڈر	1	5
ذرات	1	4
شاپ	1	3
عرصے	1	4
لیڈ	1	3
دبائیں	1	6
ساڑھے	1	5
لاکھ	1	4
رکاوٹیں	1	7
کھڑی	1	4
افواج	1	5
ضمن	1	3
متصادم	1	6
نابینا	1	6
انحصار	1	6
تفصیلی	1	6
ٹریک	1	4
فائلیں	1	6
جلدوں	1	5
فورسز	1	5
ملحقہ	1	5
بش	1	2
کھوکھلی	1	7
بندرگاہ	1	7
خوشبو	1	5
گاہوں	1	5
چھان	1	4
بین	1	3
مقبول	1	5
اسٹیشنز	1	7
برآمد	1	5
اضلاع	1	5
کتیا	1	4
غلیظ	1	4
حماقت	1	5
آئیے	1	4
ہرن	1	3
گدا	1	3
پیدائش	1	6
فر	1	2
انسلجھی	1	7
سارج	1	4
ابلی	1	4
چھوٹوں	1	6
سارجنٹ	1	6
مگرمچرچھ	1	8
چینٹی	1	5
رینگتے	1	6
تھوکا	1	5
گرین	1	4
گری	1	3
میوے	1	4
بوڑھی	1	5
سالہ	1	4
رازداری	1	7
تنگ	1	3
-کہاں	1	5
اسکاٹ	1	5
لینڈ	1	4
یارڈ	1	4
بچھایا	1	6
سیکنڈز	1	6
دم	1	2
پردہ	1	4
ڈویژن	1	5
پابند	1	5
مجاز	1	4
چنگل	1	4
صورتحال	1	7
خزانے	1	5
ارکان	1	5
بیویوں	1	6
خرچے	1	4
اندوز	1	5
انجام	1	5
مانگتا	1	6
افسر	1	4
خطرات	1	5
ورانہ	1	5
کھینچنا	1	7
خاتمہ	1	5
ترس	1	3
اراکین	1	6
چھاپے	1	5
چوہا	1	4
رہائشی	1	6
خاصیت	1	5
تلاشیاں	1	7
رضامند	1	6
کنکشن	1	5
مضمون	1	5
اکھٹا	1	5
مکھی	1	4
ماربلیس	1	7
تاش	1	3
کھیلتا	1	6
مرکوز	1	5
بہتان	1	5
ترکیب	1	5
تے	1	2
رومال	1	5
تسخیر	1	5
جبلتوں	1	6
سوالیہ	1	6
شاذ	1	3
نادر	1	4
کامیابیاں	1	9
-ہم	1	3
ناطے	1	4
سہولیات	1	7
جیلوں	1	5
کلینکوں	1	7
خواہشوں	1	7
مربع	1	4
ہلچل	1	4
شبے	1	3
-ہیں	1	4
بکھاریوں	1	8
ہلوا	1	4
پنیر	1	4
بدبو	1	4
بیٹوں	1	5
خرراٹی	1	6
جوؤں	1	4
جاگ	1	3
فروشوں	1	6
مکھن	1	4
گنگنا	1	5
روسٹ	1	4
بیف	1	3
جمعہ	1	4
ایمل	1	4
مریضوں	1	6
اطلاعات	1	7
پہنچاتی	1	7
رپورٹس	1	6
اسپتالوں	1	8
پتوں	1	4
ممی	1	3
ورماؤتھ	1	7
میزپوش	1	6
مہوگنی	1	6
پالش	1	4
مواد	1	4
طباعت	1	5
اشتھار	1	6
مخلص	1	4
فائل	1	4
-کے	1	3
سنتری	1	5
چھلکے	1	5
رویے	1	4
دبر	1	3
نکلا	1	4
لوٹا	1	4
نظروں	1	5
تخم	1	3
کونگس	1	5
شاخ	1	3
لاپرواہی	1	8
گیٹ	1	3
پہرے	1	4
راؤنڈ	1	5
گھٹیا	1	5
نرک	1	3
سنبل	1	4
چمک	1	3
ہاتھیوں	1	7
عمومی	1	5
دروازوں	1	7
تالے	1	4
بجی	1	3
شیڈ	1	3
ہٹ	1	2
کونسی	1	5
شکر	1	3
فائن	1	4
گھنٹوں	1	6
چوروں	1	5
آزمائش	1	6
دستیاب	1	6
گھرا	1	4
طلب	1	3
کوٹھے	1	5
پانچویں	1	7
ریپ	1	3
پہیوں	1	5
رخ	1	2
ہومسائیڈ	1	8
سکواڈ	1	5
چوکیداروں	1	9
مردار	1	5
میخانے	1	6
دھیان	1	5
دکھانے	1	6
حکمرانی	1	7
ٹیگل	1	4
برینڈن	1	6
برگ	1	3
تقریریں	1	7
صفایا	1	5
کمیشن	1	5
دنڈ	1	3
مستثنی	1	6
بنیادوں	1	7
آسانی	1	5
مفید	1	4
لعنتی	1	5
اذیت	1	4
گھومنے	1	6
سینسنگ	1	6
لامتناہی	1	8
پوسٹر	1	5
لائیں	1	5
چللاتی	1	6
لگایا	1	5
الاؤ	1	4
بجھ	1	3
مٹا	1	3
کلائنٹ	1	6
مجبوری	1	6
پلاسٹر	1	6
جبر	1	3
اعمال	1	5
حاجت	1	4
جلاد	1	4
تندرست	1	6
شق	1	2
بریکآؤٹ	1	7
رہائی	1	5
مائیں	1	5
پوچھتے	1	6
تحفظ	1	4
گونگے	1	5
حضرت	1	4
السلام	1	6
برساتے	1	6
شکنی	1	4
ارتھ	1	4
سنجیدگی	1	7
مشن	1	3
جوئی	1	4
گرما	1	4
سیمی	1	4
زنجیر	1	5
سنکردوست	1	8
ایف	1	3
ذلیل	1	4
غلام	1	4
چاکلیٹ	1	6
تاہیٹی	1	6
فجی	1	3
جزائر	1	5
کورل	1	4
متلاشی	1	6
نیشنل	1	5
سوسائٹی	1	7
نامزد	1	5
بیویاں	1	6
کینری	1	5
خناق	1	4
بعض	1	3
جھونکا	1	6
رو	1	2
کھدائی	1	6
رہن	1	3
ٹائمز	1	5
برے	1	3
صدقہ	1	4
وارڈ	1	4
اسسے	1	4
بھیبڑا	1	6
چالیں	1	5
موالی	1	5
گرام	1	4
پاؤڈر	1	5
پہنچانا	1	7
چمڑے	1	4
برش	1	3
نصب	1	3
چہرہ	1	4
بگ	1	2
بغداد	1	5
سمر	1	3
قند	1	3
لیبل	1	4
قالین	1	5
کروگی	1	5
بیڑا	1	4
فیس	1	3
گایوں	1	5
ٹانگوں	1	6
پوسٹ	1	4
پلگ	1	3
اٹیچی	1	5
لیک	1	3
سیاح	1	4
راجہ	1	4
تجارت	1	5
خاندانی	1	7
ٹھنڈا	1	5
ڈریسنگ	1	6
ٹکس	1	3
اولڈ	1	4
بورڈنگ	1	6
زمینوں	1	6
بلڈ	1	3
میچ	1	3
قطرہ	1	4
جدید	1	4
ڈیزائن	1	6
ڈائمز	1	5
گزارنے	1	6
لمبائی	1	6
بنیادی	1	6
دیواروں	1	7
کنجوس	1	5
ذخیرہ	1	5
اندوزی	1	6
جھٹکا	1	5
اینی	1	4
گریجویٹ	1	7
مانند	1	5
خیر	1	3
مقدم	1	4
تیتر	1	4
بولی	1	4
جوش	1	3
سیس	1	3
گیلی	1	4
چارلسٹن	1	7
ججوں	1	4
ٹیپ	1	3
حاضر	1	4
وتیلو	1	5
جل	1	2
سوئمنگ	1	6
بنتا	1	4
شگاف	1	4
ناچ	1	3
چابی	1	4
ہاٹ	1	3
ڈاگ	1	3
عضو	1	3
تجوری	1	5
ہنگامہ	1	6
ایرر	1	4
گیلے	1	4
سترہ	1	4
اناڑی	1	5
چیچک	1	4
مہارانی	1	7
چوم	1	3
یونان	1	5
پارتھینون	1	9
راستوں	1	6
لیتی	1	4
نگل	1	3
چاںد	1	4
کرنوں	1	5
یوتھ	1	4
چومنا	1	5
آاچ	1	3
شرم	1	3
آنی	1	3
جبہ	1	3
جانشین	1	6
وصول	1	4
اثاثوں	1	6
واجبات	1	6
مروڑ	1	4
وفات	1	4
لگن	1	3
توہین	1	5
نہاد	1	4
ملازم	1	5
عدم	1	3
اطمینان	1	7
دوستوییی	1	8
کش	1	2
تارامی	1	6
ابھارتی	1	7
-قبل	1	4
آبادیاں	1	7
ورکنگ	1	5
انگلیاں	1	7
ڈیٹس	1	4
تقرر	1	4
اسٹار	1	5
قرضہ	1	4
جات	1	3
ذخائر	1	5
یوکون	1	5
انجینئرنگ	1	9
ڈنر	1	3
لنگر	1	4
زنجیروں	1	7
موٹرز	1	5
مونگفلی	1	7
کاپا	1	4
ایکسپلورر	1	9
کرکش	1	4
موٹا	1	4
بچھڑا	1	5
ملو	1	3
رد	1	2
باڑے	1	4
لبریز	1	5
مطمعن	1	5
تھیلے	1	5
جماعت	1	5
پاپکارن	1	7
بفیلو	1	5
جینیس	1	5
تھوکنے	1	6
وسطی	1	4
آئرش	1	4
گھرگھرانا	1	9
فائر	1	4
فلائی	1	5
جائز	1	4
کالر	1	4
نیکنگ	1	5
وی	1	2
شعبوں	1	5
جوتے	1	4
چاندنی	1	6
پاانس	1	5
چوٹیوں	1	6
سوریودی	1	7
لاجواب	1	6
ماؤنٹ	1	5
سیر	1	3
چہل	1	3
قدمی	1	4
چھٹیوں	1	6
ستا	1	3
اشج	1	3
پائن	1	4
سایوں	1	5
مہک	1	3
والدہ	1	5
پیارا	1	5
بلاتا	1	5
میریز	1	5
پھلیاں	1	6
بولے	1	4
آلے	1	3
مشینری	1	6
دیکھے	1	5
نوکرانیوں	1	9
سپاہی	1	5
بلبلوں	1	6
فلوٹ	1	4
ہنیمون	1	6
کٹی	1	3
برمودا	1	6
ہوٹلوں	1	6
قرآن	1	4
میکریل	1	6
بدسورت	1	6
بحران	1	5
ضروریات	1	7
ہوسکتے	1	6
کینیڈی	1	6
میکلن	1	5
ساٹھ	1	4
خریدے	1	5
پچاس	1	4
محکمہ	1	5
اسٹورز	1	6
بیچ	1	3
گھبرا	1	5
کھلانا	1	6
اوور	1	4
ڈیوس	1	4
بنگو	1	4
جشن	1	3
مالیاتی	1	7
جادوگروں	1	8
ٹرے	1	3
پاپا	1	4
ٹوسٹ	1	4
خرگوشوں	1	7
ویڈنگ	1	5
والڈورف	1	7
پوسٹروں	1	7
دولہا	1	5
بتھ	1	3
سائن	1	4
کھڑکیاں	1	7
رانی	1	4
بکری	1	4
خیرمقدم	1	7
نمک	1	3
ذائقہ	1	5
خوشحالی	1	7
شاسنکال	1	7
کیسل	1	4
جمعکاروں	1	8
مکانات	1	6
قبرستان	1	7
گلہری	1	5
درجنوں	1	6
آجر	1	3
داؤد	1	4
گولیت	1	5
برابر	1	5
فوڑا	1	4
کارخانے	1	7
جین	1	3
رگڑنا	1	5
رگڑ	1	3
میٹنگ	1	5
مزی	1	3
پیٹا	1	4
چرایا	1	5
کمجوسی	1	6
سکیں	1	4
عزم	1	3
جتنا	1	4
لہسن	1	4
خور	1	3
پینٹ	1	4
ورنہ	1	4
پراپرٹیز	1	8
کاش	1	3
بشرطیکہ	1	7
درہم	1	4
برہم	1	4
نفی	1	3
گھماؤ	1	5
گھومتا	1	6
مکڑی	1	4
کھیتوں	1	6
ملازمہ	1	6
پرمودکال	1	8
گھوںسلا	1	7
دئیے	1	4
یوایسو	1	6
ڈرافٹ	1	5
شمالی	1	5
زخمی	1	4
سلور	1	4
اونچے	1	5
مقام	1	4
گرایا	1	5
فوجیوں	1	6
بھری	1	4
نقل	1	3
حمل	1	3
کریش	1	4
فضائی	1	5
حملے	1	4
سکریپ	1	5
ربڑ	1	3
یوم	1	3
ویجی	1	4
کمانڈر	1	6
ہجے	1	3
الٹ	1	3
معکوس	1	5
ہیرو	1	4
کھایا	1	5
مرتھا	1	5
سجایا	1	5
ریورس	1	5
المیرا	1	6
بنیان	1	5
تمغے	1	4
ہیل	1	3
جاپان	1	5
ہوریس	1	5
انگلی	1	5
لمبی	1	4
کریکٹر	1	6
آبائی	1	5
سمور	1	4
ملازمت	1	6
کردئے	1	5
گنتی	1	4
چھڑی	1	4
لفافے	1	5
لورا	1	4
کمروں	1	5
دیوالیہ	1	7
ستارہ	1	5
وہیں	1	4
بیٹ	1	3
پریڈ	1	4
کالز	1	4
مونڈنا	1	6
حرفی	1	4
براؤن	1	5
کچلنے	1	5
خراش	1	4
ٹھنڈی	1	5
ھلہان	1	5
ریفریجریٹر	1	10
لوبان	1	5
جیتا	1	4
لاپرواہ	1	7
رکھتی	1	5
ڈکشنری	1	6
ٹامی	1	4
مشق	1	3
پھرتے	1	5
کھیلتے	1	6
صحافیوں	1	7
بونس	1	4
پروموشن	1	7
واپسی	1	5
سیکورٹی	1	7
گھٹنوں	1	6
سیکیوریٹیز	1	10
انشباگی	1	7
قسمیں	1	5
ہیرا	1	4
پھیری	1	5
دروئنیوجن	1	9
سپتیٹی	1	6
دکھائے	1	6
اللہ	1	4
پکارا	1	5
لکھنا	1	5
غلاموں	1	6
آئیں	1	4
بیمہ	1	4
پردادا	1	6
لگائے	1	5
سجیلا	1	5
انڈرویر	1	7
مارک	1	4
ٹوین	1	4
تحریر	1	5
عتبار	1	5
جیتی	1	4
پنکھوں	1	6
رویہ	1	4
اپددر	1	5
وجود	1	4
داریوں	1	6
شیرف	1	4
ٹھنڈے	1	5
کودنے	1	5
سٹو	1	3
ٹہلنے	1	5
چہلقدمی	1	7
ڈگمگائے	1	7
گھاو	1	4
کاٹو	1	4
جبرائیل	1	7
لمبے	1	4
ماحول	1	5
چھلانگ	1	6
نوے	1	3
آدم	1	3
رمی	1	3
لائسنس	1	6
تھاپ	1	4
چمگادڑ	1	6
پورچ	1	4
سموہت	1	5
اجنبیوں	1	7
چھوتی	1	5
ہل	1	2
آڈیٹر	1	5
خسارہ	1	5
رپورٹرز	1	7
ہللویاہ	1	7
بکھری	1	5
بناتی	1	5
فیکلٹی	1	6
ہیرالڈ	1	6
گاتے	1	4
پاک	1	3
معتدل	1	5
گنہگاروں	1	8
صلح	1	3
آنندپورن	1	8
قوموں	1	5
ملکوتی	1	6
اللحم	1	5
تار	1	3
گاڑیاں	1	6
گونج	1	4
شکوک	1	4
شبہات	1	5
گارڈ	1	4
پوروچنتیت	1	9
عدالتوں	1	7
چلایا	1	5
لاگو	1	4
علیحدہ	1	6
لانا	1	4
ضمیر	1	4
متفقہ	1	5
ایونٹ	1	5
بنچ	1	3
​​نہیں	1	6
بکھرے	1	5
سینگ	1	4
بیورو	1	5
کھلے	1	4
سیٹ	1	3
قول	1	3
سود	1	3
سپاٹ	1	4
جاز	1	3
سیانا	1	5
دوچار	1	5
ہارن	1	4
ایکسچینج	1	8
بروکر	1	5
قاصد	1	4
کلیولینڈ	1	8
جگ	1	2
منطقی	1	5
نلکوں	1	5
جنٹلمین	1	7
کڈ	1	2
تجزیہ	1	5
یانکی	1	5
لگانا	1	5
ماری	1	4
یتیم	1	4
جعلسازی	1	7
سمجھا	1	5
خطبہ	1	4
رائس	1	4
ٹمٹمانے	1	7
بلٹ	1	3
اچھال	1	5
کشش	1	3
متفق	1	4
بوجھ	1	4
بک	1	2
کورونر	1	6
طے	1	2
تردید	1	5
مسافروں	1	7
سججنوں	1	6
طاقتور	1	6
پھینکے	1	6
چرا	1	3
ڈکیتی	1	5
باقاعدگی	1	8
مٹھی	1	4
شرمندا	1	6
ملن	1	3
سنیئے	1	5
بستی	1	4
کوائف	1	5
حساس	1	4
سنویدنشیلتا	1	11
دیکھی	1	5
دوم	1	3
امتحان	1	6
ہؤا	1	3
مبینہ	1	5
واقعاتی	1	7
سائنس	1	5
سیدھی	1	5
اعتراف	1	6
چھدرت	1	5
طمانچہ	1	6
کھدی	1	4
ہتھیار	1	6
کردہ	1	4
قدرے	1	4
مسح	1	3
تیکشنتا	1	7
ضد	1	2
پنوچھی	1	6
ڈیک	1	3
بارودی	1	6
سرنگ	1	4
برتن	1	4
گیراج	1	5
ضمنی	1	4
دلائل	1	5
پرہیز	1	5
جانچنے	1	6
لوتھڑے	1	6
سنہری	1	5
مبلغ	1	4
خونی	1	4
اکٹھا	1	5
محرکات	1	6
بیٹھتے	1	6
لٹکا	1	4
متوقع	1	5
اشتہارات	1	8
اشتہار	1	6
فقرہ	1	4
بانس	1	4
اپیلوں	1	6
کلکس	1	4
سیلزمین	1	7
واستکار	1	7
نرم	1	3
تکنیک	1	5
ہنستا	1	5
ٹیکنیکس	1	7
ٹکرانا	1	6
پوٹ	1	3
عطیہ	1	4
جتھا	1	4
وفف	1	3
قاتلانہ	1	7
نیلی	1	4
للکار	1	5
چلتی	1	4
کاروں	1	5
عصبی	1	4
درمیانے	1	7
پینٹنگ	1	6
کیسی	1	4
کاریں	1	5
مارنے	1	5
الیکٹرک	1	7
چیئر	1	4
اقوال	1	5
گائے	1	4
پوشیدہ	1	6
بڑھیں	1	5
آؤٹ	1	3
گھسیٹنے	1	7
شرمندہ	1	6
مہتوہین	1	7
مشورے	1	5
اترنے	1	5
تصوراتی	1	7
ڈراپ	1	4
جملے	1	4
راکی	1	4
​​حاصل	1	6
جملہ	1	4
مورھ	1	4
جاسوسی	1	6
موکل	1	4
دالان	1	5
چپکی	1	4
رشتہ	1	4
داروں	1	5
گھما	1	4
بوائے	1	5
غلطیوں	1	6
شکایت	1	5
ڈیمپسی	1	6
پھاڑنا	1	6
مشاہدات	1	7
دوڑا	1	4
ٹرائل	1	5
کھینچ	1	5
بگاڑنا	1	6
آدھا	1	4
قدموں	1	5
کنونشن	1	6
سمارٹ	1	5
ریمارکس	1	7
مکین	1	4
سننی	1	4
عبور	1	4
غنڈہ	1	4
بچنے	1	4
درہ	1	3
بہلانا	1	6
ہارڈی	1	5
چین	1	3
ثبت	1	3
ٹکٹوں	1	5
لونگا	1	5
لاک	1	3
ڈسپلے	1	5
کیک	1	3
ناانصافی	1	8
جللاد	1	5
سوینبھو	1	7
انتقام	1	6
جمہوریت	1	7
معصومیت	1	7
اوپن	1	4
نمبرز	1	5
اننگز	1	5
تمسخر	1	5
لگاتے	1	5
تھنڈر	1	5
چنگھاڑ	1	6
کھل	1	3
بہا	1	3
نومبر	1	5
ٹیکل	1	4
سلیش	1	4
اینڈریو	1	7
ہیڈ	1	3
کویںس	1	5
جدا	1	3
بلیوں	1	5
گارڈن	1	5
سٹیون	1	5
قد	1	2
-ان	1	3
اسٹیک	1	5
اڑا	1	3
ہنگ	1	3
اصطلاح	1	6
تکبر	1	4
تعمیری	1	6
مانو	1	4
تجربہ	1	5
حفظ	1	3
ٹورنامنٹ	1	8
اترو	1	4
سرکل	1	4
باربرا	1	6
لانگ	1	4
لنگ	1	3
شاور	1	4
لمبا	1	4
اختلاف	1	6
سوئچنگ	1	6
ملاحظہ	1	6
مقابل	1	5
جمبو	1	4
قدرت	1	4
ٹکٹیں	1	5
بولو	1	4
جعلی	1	4
مارنا	1	5
گٹر	1	3
ویں	1	3
وائلڈ	1	5
احتمالات	1	8
ون	1	2
لائٹس	1	5
متزلزل	1	6
کہوں	1	4
